[{"GMSL": -1.6, "Time": "1993-01-15"},{"GMSL": -3.4, "Time": "1993-02-15"},{"GMSL": 5.5, "Time": "1993-03-15"},{"GMSL": 0.1, "Time": "1993-04-15"},{"GMSL": 5.3, "Time": "1993-05-15"},{"GMSL": 0.2, "Time": "1993-06-15"},{"GMSL": 3.9, "Time": "1993-07-15"},{"GMSL": 0.2, "Time": "1993-08-15"},{"GMSL": 3.1, "Time": "1993-09-15"},{"GMSL": -0.1, "Time": "1993-10-15"},{"GMSL": 0.5, "Time": "1993-11-15"},{"GMSL": 3.2, "Time": "1993-12-15"},{"GMSL": 2.9, "Time": "1994-01-15"},{"GMSL": 0.2, "Time": "1994-02-15"},{"GMSL": 9.3, "Time": "1994-03-15"},{"GMSL": 6.6, "Time": "1994-04-15"},{"GMSL": 2.7, "Time": "1994-05-15"},{"GMSL": 2.4, "Time": "1994-06-15"},{"GMSL": 1.5, "Time": "1994-07-15"},{"GMSL": 3.4, "Time": "1994-08-15"},{"GMSL": -0.1, "Time": "1994-09-15"},{"GMSL": 3.4, "Time": "1994-10-15"},{"GMSL": -3.5, "Time": "1994-11-15"},{"GMSL": 4.0, "Time": "1994-12-15"},{"GMSL": 2.3, "Time": "1995-01-15"},{"GMSL": 6.5, "Time": "1995-02-15"},{"GMSL": 6.9, "Time": "1995-03-15"},{"GMSL": 10.0, "Time": "1995-04-15"},{"GMSL": 2.5, "Time": "1995-05-15"},{"GMSL": 7.8, "Time": "1995-06-15"},{"GMSL": 0.7, "Time": "1995-07-15"},{"GMSL": 7.1, "Time": "1995-08-15"},{"GMSL": 5.0, "Time": "1995-09-15"},{"GMSL": 7.6, "Time": "1995-10-15"},{"GMSL": 3.1, "Time": "1995-11-15"},{"GMSL": 9.5, "Time": "1995-12-15"},{"GMSL": 0.1, "Time": "1996-01-15"},{"GMSL": 12.2, "Time": "1996-02-15"},{"GMSL": 7.5, "Time": "1996-03-15"},{"GMSL": 12.3, "Time": "1996-04-15"},{"GMSL": 11.2, "Time": "1996-05-15"},{"GMSL": 13.9, "Time": "1996-06-15"},{"GMSL": 13.4, "Time": "1996-07-15"},{"GMSL": 11.9, "Time": "1996-08-15"},{"GMSL": 10.8, "Time": "1996-09-15"},{"GMSL": 19.6, "Time": "1996-10-15"},{"GMSL": 15.6, "Time": "1996-11-15"},{"GMSL": 7.6, "Time": "1996-12-15"},{"GMSL": 10.8, "Time": "1997-01-15"},{"GMSL": 9.3, "Time": "1997-02-15"},{"GMSL": 15.0, "Time": "1997-03-15"},{"GMSL": 12.4, "Time": "1997-04-15"},{"GMSL": 17.6, "Time": "1997-05-15"},{"GMSL": 14.8, "Time": "1997-06-15"},{"GMSL": 21.5, "Time": "1997-07-15"},{"GMSL": 17.4, "Time": "1997-08-15"},{"GMSL": 24.2, "Time": "1997-09-15"},{"GMSL": 16.8, "Time": "1997-10-15"},{"GMSL": 20.3, "Time": "1997-11-15"},{"GMSL": 12.5, "Time": "1997-12-15"},{"GMSL": 20.8, "Time": "1998-01-15"},{"GMSL": 19.2, "Time": "1998-02-15"},{"GMSL": 25.9, "Time": "1998-03-15"},{"GMSL": 23.0, "Time": "1998-04-15"},{"GMSL": 25.0, "Time": "1998-05-15"},{"GMSL": 19.4, "Time": "1998-06-15"},{"GMSL": 24.6, "Time": "1998-07-15"},{"GMSL": 19.8, "Time": "1998-08-15"},{"GMSL": 21.7, "Time": "1998-09-15"},{"GMSL": 21.8, "Time": "1998-10-15"},{"GMSL": 20.5, "Time": "1998-11-15"},{"GMSL": 21.5, "Time": "1998-12-15"},{"GMSL": 22.7, "Time": "1999-01-15"},{"GMSL": 24.9, "Time": "1999-02-15"},{"GMSL": 20.6, "Time": "1999-03-15"},{"GMSL": 22.1, "Time": "1999-04-15"},{"GMSL": 18.8, "Time": "1999-05-15"},{"GMSL": 20.6, "Time": "1999-06-15"},{"GMSL": 19.8, "Time": "1999-07-15"},{"GMSL": 22.9, "Time": "1999-08-15"},{"GMSL": 18.0, "Time": "1999-09-15"},{"GMSL": 28.0, "Time": "1999-10-15"},{"GMSL": 17.9, "Time": "1999-11-15"},{"GMSL": 28.8, "Time": "1999-12-15"},{"GMSL": 22.4, "Time": "2000-01-15"},{"GMSL": 28.6, "Time": "2000-02-15"},{"GMSL": 24.5, "Time": "2000-03-15"},{"GMSL": 27.2, "Time": "2000-04-15"},{"GMSL": 20.7, "Time": "2000-05-15"},{"GMSL": 26.7, "Time": "2000-06-15"},{"GMSL": 20.0, "Time": "2000-07-15"},{"GMSL": 26.3, "Time": "2000-08-15"},{"GMSL": 23.0, "Time": "2000-09-15"},{"GMSL": 30.3, "Time": "2000-10-15"},{"GMSL": 24.1, "Time": "2000-11-15"},{"GMSL": 25.7, "Time": "2000-12-15"},{"GMSL": 26.9, "Time": "2001-01-15"},{"GMSL": 28.2, "Time": "2001-02-15"},{"GMSL": 30.4, "Time": "2001-03-15"},{"GMSL": 30.1, "Time": "2001-04-15"},{"GMSL": 29.0, "Time": "2001-05-15"},{"GMSL": 28.9, "Time": "2001-06-15"},{"GMSL": 32.5, "Time": "2001-07-15"},{"GMSL": 27.6, "Time": "2001-08-15"},{"GMSL": 34.8, "Time": "2001-09-15"},{"GMSL": 27.8, "Time": "2001-10-15"},{"GMSL": 32.6, "Time": "2001-11-15"},{"GMSL": 26.6, "Time": "2001-12-15"},{"GMSL": 32.2, "Time": "2002-01-15"},{"GMSL": 32.4, "Time": "2002-02-15"},{"GMSL": 32.2, "Time": "2002-03-15"},{"GMSL": 32.0, "Time": "2002-04-15"},{"GMSL": 33.8, "Time": "2002-05-15"},{"GMSL": 31.1, "Time": "2002-06-15"},{"GMSL": 35.3, "Time": "2002-07-15"},{"GMSL": 36.7, "Time": "2002-08-15"},{"GMSL": 32.8, "Time": "2002-09-15"},{"GMSL": 36.1, "Time": "2002-10-15"},{"GMSL": 32.2, "Time": "2002-11-15"},{"GMSL": 33.1, "Time": "2002-12-15"},{"GMSL": 34.5, "Time": "2003-01-15"},{"GMSL": 37.0, "Time": "2003-02-15"},{"GMSL": 36.6, "Time": "2003-03-15"},{"GMSL": 35.8, "Time": "2003-04-15"},{"GMSL": 36.4, "Time": "2003-05-15"},{"GMSL": 33.3, "Time": "2003-06-15"},{"GMSL": 34.2, "Time": "2003-07-15"},{"GMSL": 33.4, "Time": "2003-08-15"},{"GMSL": 37.7, "Time": "2003-09-15"},{"GMSL": 35.6, "Time": "2003-10-15"},{"GMSL": 34.5, "Time": "2003-11-15"},{"GMSL": 35.2, "Time": "2003-12-15"},{"GMSL": 39.1, "Time": "2004-01-15"},{"GMSL": 37.0, "Time": "2004-02-15"},{"GMSL": 39.3, "Time": "2004-03-15"},{"GMSL": 38.7, "Time": "2004-04-15"},{"GMSL": 37.2, "Time": "2004-05-15"},{"GMSL": 36.7, "Time": "2004-06-15"},{"GMSL": 38.4, "Time": "2004-07-15"},{"GMSL": 36.1, "Time": "2004-08-15"},{"GMSL": 39.0, "Time": "2004-09-15"},{"GMSL": 35.3, "Time": "2004-10-15"},{"GMSL": 35.3, "Time": "2004-11-15"},{"GMSL": 39.2, "Time": "2004-12-15"},{"GMSL": 38.1, "Time": "2005-01-15"},{"GMSL": 40.9, "Time": "2005-02-15"},{"GMSL": 42.5, "Time": "2005-03-15"},{"GMSL": 40.5, "Time": "2005-04-15"},{"GMSL": 41.4, "Time": "2005-05-15"},{"GMSL": 41.9, "Time": "2005-06-15"},{"GMSL": 40.9, "Time": "2005-07-15"},{"GMSL": 40.4, "Time": "2005-08-15"},{"GMSL": 40.6, "Time": "2005-09-15"},{"GMSL": 41.0, "Time": "2005-10-15"},{"GMSL": 43.6, "Time": "2005-11-15"},{"GMSL": 44.7, "Time": "2005-12-15"},{"GMSL": 40.1, "Time": "2006-01-15"},{"GMSL": 43.5, "Time": "2006-02-15"},{"GMSL": 42.8, "Time": "2006-03-15"},{"GMSL": 43.3, "Time": "2006-04-15"},{"GMSL": 43.1, "Time": "2006-05-15"},{"GMSL": 44.0, "Time": "2006-06-15"},{"GMSL": 44.0, "Time": "2006-07-15"},{"GMSL": 43.1, "Time": "2006-08-15"},{"GMSL": 43.3, "Time": "2006-09-15"},{"GMSL": 44.3, "Time": "2006-10-15"},{"GMSL": 40.2, "Time": "2006-11-15"},{"GMSL": 43.5, "Time": "2006-12-15"},{"GMSL": 40.5, "Time": "2007-01-15"},{"GMSL": 42.8, "Time": "2007-02-15"},{"GMSL": 43.3, "Time": "2007-03-15"},{"GMSL": 48.0, "Time": "2007-04-15"},{"GMSL": 43.9, "Time": "2007-05-15"},{"GMSL": 43.5, "Time": "2007-06-15"},{"GMSL": 41.5, "Time": "2007-07-15"},{"GMSL": 42.2, "Time": "2007-08-15"},{"GMSL": 41.4, "Time": "2007-09-15"},{"GMSL": 42.6, "Time": "2007-10-15"},{"GMSL": 45.9, "Time": "2007-11-15"},{"GMSL": 42.8, "Time": "2007-12-15"},{"GMSL": 46.2, "Time": "2008-01-15"},{"GMSL": 43.7, "Time": "2008-02-15"},{"GMSL": 48.5, "Time": "2008-03-15"},{"GMSL": 47.0, "Time": "2008-04-15"},{"GMSL": 52.9, "Time": "2008-05-15"},{"GMSL": 49.8, "Time": "2008-06-15"},{"GMSL": 49.4, "Time": "2008-07-15"},{"GMSL": 47.5, "Time": "2008-08-15"},{"GMSL": 49.2, "Time": "2008-09-15"},{"GMSL": 48.5, "Time": "2008-10-15"},{"GMSL": 50.5, "Time": "2008-11-15"},{"GMSL": 49.6, "Time": "2008-12-15"},{"GMSL": 51.1, "Time": "2009-01-15"},{"GMSL": 49.3, "Time": "2009-02-15"},{"GMSL": 53.7, "Time": "2009-03-15"},{"GMSL": 52.0, "Time": "2009-04-15"},{"GMSL": 54.5, "Time": "2009-05-15"},{"GMSL": 54.3, "Time": "2009-06-15"},{"GMSL": 54.3, "Time": "2009-07-15"},{"GMSL": 53.0, "Time": "2009-08-15"},{"GMSL": 54.8, "Time": "2009-09-15"},{"GMSL": 54.6, "Time": "2009-10-15"},{"GMSL": 55.1, "Time": "2009-11-15"},{"GMSL": 55.7, "Time": "2009-12-15"},{"GMSL": 52.5, "Time": "2010-01-15"},{"GMSL": 54.3, "Time": "2010-02-15"},{"GMSL": 54.8, "Time": "2010-03-15"},{"GMSL": 56.0, "Time": "2010-04-15"},{"GMSL": 57.6, "Time": "2010-05-15"},{"GMSL": 60.5, "Time": "2010-06-15"},{"GMSL": 57.7, "Time": "2010-07-15"},{"GMSL": 55.5, "Time": "2010-08-15"},{"GMSL": 51.5, "Time": "2010-09-15"},{"GMSL": 53.5, "Time": "2010-10-15"},{"GMSL": 51.6, "Time": "2010-11-15"},{"GMSL": 53.1, "Time": "2010-12-15"},{"GMSL": 52.1, "Time": "2011-01-15"},{"GMSL": 52.9, "Time": "2011-02-15"},{"GMSL": 49.9, "Time": "2011-03-15"},{"GMSL": 53.0, "Time": "2011-04-15"},{"GMSL": 52.5, "Time": "2011-05-15"},{"GMSL": 57.4, "Time": "2011-06-15"},{"GMSL": 54.3, "Time": "2011-07-15"},{"GMSL": 57.7, "Time": "2011-08-15"},{"GMSL": 54.0, "Time": "2011-09-15"},{"GMSL": 57.4, "Time": "2011-10-15"},{"GMSL": 54.9, "Time": "2011-11-15"},{"GMSL": 59.3, "Time": "2011-12-15"},{"GMSL": 63.8, "Time": "2012-01-15"},{"GMSL": 62.4, "Time": "2012-02-15"},{"GMSL": 62.3, "Time": "2012-03-15"},{"GMSL": 62.0, "Time": "2012-04-15"},{"GMSL": 64.1, "Time": "2012-05-15"},{"GMSL": 66.9, "Time": "2012-06-15"},{"GMSL": 69.3, "Time": "2012-07-15"},{"GMSL": 65.9, "Time": "2012-08-15"},{"GMSL": 65.8, "Time": "2012-09-15"},{"GMSL": 65.9, "Time": "2012-10-15"},{"GMSL": 67.2, "Time": "2012-11-15"},{"GMSL": 69.1, "Time": "2012-12-15"},{"GMSL": 70.2, "Time": "2013-01-15"},{"GMSL": 67.7, "Time": "2013-02-15"},{"GMSL": 71.0, "Time": "2013-03-15"},{"GMSL": 68.0, "Time": "2013-04-15"},{"GMSL": 69.5, "Time": "2013-05-15"},{"GMSL": 67.8, "Time": "2013-06-15"},{"GMSL": 69.7, "Time": "2013-07-15"},{"GMSL": 64.9, "Time": "2013-08-15"},{"GMSL": 65.7, "Time": "2013-09-15"},{"GMSL": 64.9, "Time": "2013-10-15"},{"GMSL": 68.1, "Time": "2013-11-15"},{"GMSL": 66.9, "Time": "2013-12-15"},{"GMSL": 69.0, "Time": "2014-01-15"},{"GMSL": 70.1, "Time": "2014-02-15"},{"GMSL": 71.5, "Time": "2014-03-15"},{"GMSL": 69.3, "Time": "2014-04-15"},{"GMSL": 69.9, "Time": "2014-05-15"},{"GMSL": 71.9, "Time": "2014-06-15"},{"GMSL": 73.1, "Time": "2014-07-15"},{"GMSL": 73.5, "Time": "2014-08-15"},{"GMSL": 70.2, "Time": "2014-09-15"},{"GMSL": 71.7, "Time": "2014-10-15"},{"GMSL": 69.0, "Time": "2014-11-15"},{"GMSL": 76.0, "Time": "2014-12-15"},{"GMSL": 74.5, "Time": "2015-01-15"},{"GMSL": 79.5, "Time": "2015-02-15"}]