[{"CSIRO Adjusted Sea Level": 0.0, "Lower Error Bound": -0.952755905, "NOAA Adjusted Sea Level": null, "Upper Error Bound": 0.952755905, "Year": "1880-03-15"},{"CSIRO Adjusted Sea Level": 0.220472441, "Lower Error Bound": -0.732283464, "NOAA Adjusted Sea Level": null, "Upper Error Bound": 1.173228345, "Year": "1881-03-15"},{"CSIRO Adjusted Sea Level": -0.440944881, "Lower Error Bound": -1.346456692, "NOAA Adjusted Sea Level": null, "Upper Error Bound": 0.464566929, "Year": "1882-03-15"},{"CSIRO Adjusted Sea Level": -0.232283464, "Lower Error Bound": -1.129921259, "NOAA Adjusted Sea Level": null, "Upper Error Bound": 0.66535433, "Year": "1883-03-15"},{"CSIRO Adjusted Sea Level": 0.590551181, "Lower Error Bound": -0.283464567, "NOAA Adjusted Sea Level": null, "Upper Error Bound": 1.464566928, "Year": "1884-03-15"},{"CSIRO Adjusted Sea Level": 0.531496062, "Lower Error Bound": -0.330708661, "NOAA Adjusted Sea Level": null, "Upper Error Bound": 1.393700786, "Year": "1885-03-15"},{"CSIRO Adjusted Sea Level": 0.437007874, "Lower Error Bound": -0.381889763, "NOAA Adjusted Sea Level": null, "Upper Error Bound": 1.255905511, "Year": "1886-03-15"},{"CSIRO Adjusted Sea Level": 0.216535433, "Lower Error Bound": -0.602362204, "NOAA Adjusted Sea Level": null, "Upper Error Bound": 1.03543307, "Year": "1887-03-15"},{"CSIRO Adjusted Sea Level": 0.299212598, "Lower Error Bound": -0.519685039, "NOAA Adjusted Sea Level": null, "Upper Error Bound": 1.118110235, "Year": "1888-03-15"},{"CSIRO Adjusted Sea Level": 0.362204724, "Lower Error Bound": -0.456692913, "NOAA Adjusted Sea Level": null, "Upper Error Bound": 1.181102361, "Year": "1889-03-15"},{"CSIRO Adjusted Sea Level": 0.440944881, "Lower Error Bound": -0.374015748, "NOAA Adjusted Sea Level": null, "Upper Error Bound": 1.255905511, "Year": "1890-03-15"},{"CSIRO Adjusted Sea Level": 0.374015748, "Lower Error Bound": -0.440944881, "NOAA Adjusted Sea Level": null, "Upper Error Bound": 1.188976377, "Year": "1891-03-15"},{"CSIRO Adjusted Sea Level": 0.499999999, "Lower Error Bound": -0.31496063, "NOAA Adjusted Sea Level": null, "Upper Error Bound": 1.314960629, "Year": "1892-03-15"},{"CSIRO Adjusted Sea Level": 0.685039369, "Lower Error Bound": -0.114173228, "NOAA Adjusted Sea Level": null, "Upper Error Bound": 1.484251967, "Year": "1893-03-15"},{"CSIRO Adjusted Sea Level": 0.303149606, "Lower Error Bound": -0.547244094, "NOAA Adjusted Sea Level": null, "Upper Error Bound": 1.153543306, "Year": "1894-03-15"},{"CSIRO Adjusted Sea Level": 0.767716535, "Lower Error Bound": -0.082677165, "NOAA Adjusted Sea Level": null, "Upper Error Bound": 1.618110235, "Year": "1895-03-15"},{"CSIRO Adjusted Sea Level": 0.468503937, "Lower Error Bound": -0.366141732, "NOAA Adjusted Sea Level": null, "Upper Error Bound": 1.303149605, "Year": "1896-03-15"},{"CSIRO Adjusted Sea Level": 0.673228346, "Lower Error Bound": -0.145669291, "NOAA Adjusted Sea Level": null, "Upper Error Bound": 1.492125983, "Year": "1897-03-15"},{"CSIRO Adjusted Sea Level": 1.043307086, "Lower Error Bound": 0.267716535, "NOAA Adjusted Sea Level": null, "Upper Error Bound": 1.818897636, "Year": "1898-03-15"},{"CSIRO Adjusted Sea Level": 1.338582676, "Lower Error Bound": 0.574803149, "NOAA Adjusted Sea Level": null, "Upper Error Bound": 2.102362203, "Year": "1899-03-15"},{"CSIRO Adjusted Sea Level": 1.125984251, "Lower Error Bound": 0.405511811, "NOAA Adjusted Sea Level": null, "Upper Error Bound": 1.846456691, "Year": "1900-03-15"},{"CSIRO Adjusted Sea Level": 1.110236219, "Lower Error Bound": 0.417322834, "NOAA Adjusted Sea Level": null, "Upper Error Bound": 1.803149604, "Year": "1901-03-15"},{"CSIRO Adjusted Sea Level": 1.291338581, "Lower Error Bound": 0.61023622, "NOAA Adjusted Sea Level": null, "Upper Error Bound": 1.972440943, "Year": "1902-03-15"},{"CSIRO Adjusted Sea Level": 1.606299211, "Lower Error Bound": 0.937007873, "NOAA Adjusted Sea Level": null, "Upper Error Bound": 2.275590549, "Year": "1903-03-15"},{"CSIRO Adjusted Sea Level": 1.2007874, "Lower Error Bound": 0.53543307, "NOAA Adjusted Sea Level": null, "Upper Error Bound": 1.86614173, "Year": "1904-03-15"},{"CSIRO Adjusted Sea Level": 0.984251968, "Lower Error Bound": 0.377952756, "NOAA Adjusted Sea Level": null, "Upper Error Bound": 1.590551179, "Year": "1905-03-15"},{"CSIRO Adjusted Sea Level": 1.251968503, "Lower Error Bound": 0.673228346, "NOAA Adjusted Sea Level": null, "Upper Error Bound": 1.83070866, "Year": "1906-03-15"},{"CSIRO Adjusted Sea Level": 1.196850392, "Lower Error Bound": 0.61023622, "NOAA Adjusted Sea Level": null, "Upper Error Bound": 1.783464565, "Year": "1907-03-15"},{"CSIRO Adjusted Sea Level": 1.098425196, "Lower Error Bound": 0.527559055, "NOAA Adjusted Sea Level": null, "Upper Error Bound": 1.669291337, "Year": "1908-03-15"},{"CSIRO Adjusted Sea Level": 1.27559055, "Lower Error Bound": 0.700787401, "NOAA Adjusted Sea Level": null, "Upper Error Bound": 1.850393699, "Year": "1909-03-15"},{"CSIRO Adjusted Sea Level": 1.271653542, "Lower Error Bound": 0.696850393, "NOAA Adjusted Sea Level": null, "Upper Error Bound": 1.846456691, "Year": "1910-03-15"},{"CSIRO Adjusted Sea Level": 1.598425195, "Lower Error Bound": 1.039370078, "NOAA Adjusted Sea Level": null, "Upper Error Bound": 2.157480313, "Year": "1911-03-15"},{"CSIRO Adjusted Sea Level": 1.476377951, "Lower Error Bound": 0.917322834, "NOAA Adjusted Sea Level": null, "Upper Error Bound": 2.035433069, "Year": "1912-03-15"},{"CSIRO Adjusted Sea Level": 1.547244093, "Lower Error Bound": 0.992125983, "NOAA Adjusted Sea Level": null, "Upper Error Bound": 2.102362203, "Year": "1913-03-15"},{"CSIRO Adjusted Sea Level": 1.795275589, "Lower Error Bound": 1.251968503, "NOAA Adjusted Sea Level": null, "Upper Error Bound": 2.338582675, "Year": "1914-03-15"},{"CSIRO Adjusted Sea Level": 2.10629921, "Lower Error Bound": 1.57086614, "NOAA Adjusted Sea Level": null, "Upper Error Bound": 2.641732281, "Year": "1915-03-15"},{"CSIRO Adjusted Sea Level": 2.031496061, "Lower Error Bound": 1.519685038, "NOAA Adjusted Sea Level": null, "Upper Error Bound": 2.543307084, "Year": "1916-03-15"},{"CSIRO Adjusted Sea Level": 1.854330707, "Lower Error Bound": 1.350393699, "NOAA Adjusted Sea Level": null, "Upper Error Bound": 2.358267714, "Year": "1917-03-15"},{"CSIRO Adjusted Sea Level": 1.791338581, "Lower Error Bound": 1.291338581, "NOAA Adjusted Sea Level": null, "Upper Error Bound": 2.29133858, "Year": "1918-03-15"},{"CSIRO Adjusted Sea Level": 1.854330707, "Lower Error Bound": 1.354330707, "NOAA Adjusted Sea Level": null, "Upper Error Bound": 2.354330706, "Year": "1919-03-15"},{"CSIRO Adjusted Sea Level": 1.905511809, "Lower Error Bound": 1.393700786, "NOAA Adjusted Sea Level": null, "Upper Error Bound": 2.417322832, "Year": "1920-03-15"},{"CSIRO Adjusted Sea Level": 1.988188974, "Lower Error Bound": 1.472440943, "NOAA Adjusted Sea Level": null, "Upper Error Bound": 2.503937005, "Year": "1921-03-15"},{"CSIRO Adjusted Sea Level": 1.952755904, "Lower Error Bound": 1.433070865, "NOAA Adjusted Sea Level": null, "Upper Error Bound": 2.472440942, "Year": "1922-03-15"},{"CSIRO Adjusted Sea Level": 1.999999998, "Lower Error Bound": 1.488188975, "NOAA Adjusted Sea Level": null, "Upper Error Bound": 2.511811021, "Year": "1923-03-15"},{"CSIRO Adjusted Sea Level": 1.712598423, "Lower Error Bound": 1.196850392, "NOAA Adjusted Sea Level": null, "Upper Error Bound": 2.228346454, "Year": "1924-03-15"},{"CSIRO Adjusted Sea Level": 1.791338581, "Lower Error Bound": 1.255905511, "NOAA Adjusted Sea Level": null, "Upper Error Bound": 2.326771651, "Year": "1925-03-15"},{"CSIRO Adjusted Sea Level": 2.047244092, "Lower Error Bound": 1.507874014, "NOAA Adjusted Sea Level": null, "Upper Error Bound": 2.586614171, "Year": "1926-03-15"},{"CSIRO Adjusted Sea Level": 2.003937006, "Lower Error Bound": 1.496062991, "NOAA Adjusted Sea Level": null, "Upper Error Bound": 2.511811021, "Year": "1927-03-15"},{"CSIRO Adjusted Sea Level": 1.850393699, "Lower Error Bound": 1.366141731, "NOAA Adjusted Sea Level": null, "Upper Error Bound": 2.334645667, "Year": "1928-03-15"},{"CSIRO Adjusted Sea Level": 1.905511809, "Lower Error Bound": 1.429133857, "NOAA Adjusted Sea Level": null, "Upper Error Bound": 2.381889761, "Year": "1929-03-15"},{"CSIRO Adjusted Sea Level": 2.062992124, "Lower Error Bound": 1.590551179, "NOAA Adjusted Sea Level": null, "Upper Error Bound": 2.535433068, "Year": "1930-03-15"},{"CSIRO Adjusted Sea Level": 2.047244092, "Lower Error Bound": 1.566929132, "NOAA Adjusted Sea Level": null, "Upper Error Bound": 2.527559053, "Year": "1931-03-15"},{"CSIRO Adjusted Sea Level": 2.271653541, "Lower Error Bound": 1.803149604, "NOAA Adjusted Sea Level": null, "Upper Error Bound": 2.740157478, "Year": "1932-03-15"},{"CSIRO Adjusted Sea Level": 2.440944879, "Lower Error Bound": 1.976377951, "NOAA Adjusted Sea Level": null, "Upper Error Bound": 2.905511808, "Year": "1933-03-15"},{"CSIRO Adjusted Sea Level": 2.228346454, "Lower Error Bound": 1.759842518, "NOAA Adjusted Sea Level": null, "Upper Error Bound": 2.696850391, "Year": "1934-03-15"},{"CSIRO Adjusted Sea Level": 2.448818895, "Lower Error Bound": 1.980314959, "NOAA Adjusted Sea Level": null, "Upper Error Bound": 2.917322832, "Year": "1935-03-15"},{"CSIRO Adjusted Sea Level": 2.295275588, "Lower Error Bound": 1.83070866, "NOAA Adjusted Sea Level": null, "Upper Error Bound": 2.759842517, "Year": "1936-03-15"},{"CSIRO Adjusted Sea Level": 2.519685037, "Lower Error Bound": 2.055118108, "NOAA Adjusted Sea Level": null, "Upper Error Bound": 2.984251965, "Year": "1937-03-15"},{"CSIRO Adjusted Sea Level": 2.622047241, "Lower Error Bound": 2.157480313, "NOAA Adjusted Sea Level": null, "Upper Error Bound": 3.08661417, "Year": "1938-03-15"},{"CSIRO Adjusted Sea Level": 2.826771651, "Lower Error Bound": 2.346456691, "NOAA Adjusted Sea Level": null, "Upper Error Bound": 3.307086611, "Year": "1939-03-15"},{"CSIRO Adjusted Sea Level": 2.618110234, "Lower Error Bound": 2.18110236, "NOAA Adjusted Sea Level": null, "Upper Error Bound": 3.055118107, "Year": "1940-03-15"},{"CSIRO Adjusted Sea Level": 3.098425194, "Lower Error Bound": 2.673228344, "NOAA Adjusted Sea Level": null, "Upper Error Bound": 3.523622044, "Year": "1941-03-15"},{"CSIRO Adjusted Sea Level": 3.098425194, "Lower Error Bound": 2.673228344, "NOAA Adjusted Sea Level": null, "Upper Error Bound": 3.523622044, "Year": "1942-03-15"},{"CSIRO Adjusted Sea Level": 3.098425194, "Lower Error Bound": 2.673228344, "NOAA Adjusted Sea Level": null, "Upper Error Bound": 3.523622044, "Year": "1943-03-15"},{"CSIRO Adjusted Sea Level": 2.84645669, "Lower Error Bound": 2.425196848, "NOAA Adjusted Sea Level": null, "Upper Error Bound": 3.267716532, "Year": "1944-03-15"},{"CSIRO Adjusted Sea Level": 2.95669291, "Lower Error Bound": 2.535433068, "NOAA Adjusted Sea Level": null, "Upper Error Bound": 3.377952752, "Year": "1945-03-15"},{"CSIRO Adjusted Sea Level": 3.251968501, "Lower Error Bound": 2.834645666, "NOAA Adjusted Sea Level": null, "Upper Error Bound": 3.669291335, "Year": "1946-03-15"},{"CSIRO Adjusted Sea Level": 3.374015745, "Lower Error Bound": 2.996062989, "NOAA Adjusted Sea Level": null, "Upper Error Bound": 3.7519685, "Year": "1947-03-15"},{"CSIRO Adjusted Sea Level": 3.562992122, "Lower Error Bound": 3.19685039, "NOAA Adjusted Sea Level": null, "Upper Error Bound": 3.929133854, "Year": "1948-03-15"},{"CSIRO Adjusted Sea Level": 3.51181102, "Lower Error Bound": 3.181102359, "NOAA Adjusted Sea Level": null, "Upper Error Bound": 3.842519681, "Year": "1949-03-15"},{"CSIRO Adjusted Sea Level": 3.598425193, "Lower Error Bound": 3.287401571, "NOAA Adjusted Sea Level": null, "Upper Error Bound": 3.909448815, "Year": "1950-03-15"},{"CSIRO Adjusted Sea Level": 3.972440941, "Lower Error Bound": 3.665354327, "NOAA Adjusted Sea Level": null, "Upper Error Bound": 4.279527555, "Year": "1951-03-15"},{"CSIRO Adjusted Sea Level": 3.870078736, "Lower Error Bound": 3.56692913, "NOAA Adjusted Sea Level": null, "Upper Error Bound": 4.173228342, "Year": "1952-03-15"},{"CSIRO Adjusted Sea Level": 4.043307082, "Lower Error Bound": 3.748031492, "NOAA Adjusted Sea Level": null, "Upper Error Bound": 4.338582673, "Year": "1953-03-15"},{"CSIRO Adjusted Sea Level": 3.929133854, "Lower Error Bound": 3.64173228, "NOAA Adjusted Sea Level": null, "Upper Error Bound": 4.216535429, "Year": "1954-03-15"},{"CSIRO Adjusted Sea Level": 3.964566925, "Lower Error Bound": 3.685039366, "NOAA Adjusted Sea Level": null, "Upper Error Bound": 4.244094484, "Year": "1955-03-15"},{"CSIRO Adjusted Sea Level": 3.763779524, "Lower Error Bound": 3.488188973, "NOAA Adjusted Sea Level": null, "Upper Error Bound": 4.039370075, "Year": "1956-03-15"},{"CSIRO Adjusted Sea Level": 4.291338578, "Lower Error Bound": 4.019685035, "NOAA Adjusted Sea Level": null, "Upper Error Bound": 4.562992121, "Year": "1957-03-15"},{"CSIRO Adjusted Sea Level": 4.346456688, "Lower Error Bound": 4.086614169, "NOAA Adjusted Sea Level": null, "Upper Error Bound": 4.606299208, "Year": "1958-03-15"},{"CSIRO Adjusted Sea Level": 4.358267712, "Lower Error Bound": 4.102362201, "NOAA Adjusted Sea Level": null, "Upper Error Bound": 4.614173224, "Year": "1959-03-15"},{"CSIRO Adjusted Sea Level": 4.503937003, "Lower Error Bound": 4.244094484, "NOAA Adjusted Sea Level": null, "Upper Error Bound": 4.763779523, "Year": "1960-03-15"},{"CSIRO Adjusted Sea Level": 4.748031491, "Lower Error Bound": 4.488188972, "NOAA Adjusted Sea Level": null, "Upper Error Bound": 5.007874011, "Year": "1961-03-15"},{"CSIRO Adjusted Sea Level": 4.543307082, "Lower Error Bound": 4.283464563, "NOAA Adjusted Sea Level": null, "Upper Error Bound": 4.803149601, "Year": "1962-03-15"},{"CSIRO Adjusted Sea Level": 4.480314956, "Lower Error Bound": 4.220472437, "NOAA Adjusted Sea Level": null, "Upper Error Bound": 4.740157475, "Year": "1963-03-15"},{"CSIRO Adjusted Sea Level": 4.169291334, "Lower Error Bound": 3.905511807, "NOAA Adjusted Sea Level": null, "Upper Error Bound": 4.433070862, "Year": "1964-03-15"},{"CSIRO Adjusted Sea Level": 4.610236216, "Lower Error Bound": 4.346456688, "NOAA Adjusted Sea Level": null, "Upper Error Bound": 4.874015743, "Year": "1965-03-15"},{"CSIRO Adjusted Sea Level": 4.397637791, "Lower Error Bound": 4.137795271, "NOAA Adjusted Sea Level": null, "Upper Error Bound": 4.65748031, "Year": "1966-03-15"},{"CSIRO Adjusted Sea Level": 4.452755901, "Lower Error Bound": 4.196850389, "NOAA Adjusted Sea Level": null, "Upper Error Bound": 4.708661413, "Year": "1967-03-15"},{"CSIRO Adjusted Sea Level": 4.484251964, "Lower Error Bound": 4.220472437, "NOAA Adjusted Sea Level": null, "Upper Error Bound": 4.748031491, "Year": "1968-03-15"},{"CSIRO Adjusted Sea Level": 4.751968499, "Lower Error Bound": 4.476377948, "NOAA Adjusted Sea Level": null, "Upper Error Bound": 5.02755905, "Year": "1969-03-15"},{"CSIRO Adjusted Sea Level": 4.67716535, "Lower Error Bound": 4.401574799, "NOAA Adjusted Sea Level": null, "Upper Error Bound": 4.9527559, "Year": "1970-03-15"},{"CSIRO Adjusted Sea Level": 4.881889759, "Lower Error Bound": 4.610236216, "NOAA Adjusted Sea Level": null, "Upper Error Bound": 5.153543302, "Year": "1971-03-15"},{"CSIRO Adjusted Sea Level": 5.240157475, "Lower Error Bound": 4.968503932, "NOAA Adjusted Sea Level": null, "Upper Error Bound": 5.511811018, "Year": "1972-03-15"},{"CSIRO Adjusted Sea Level": 5.003937003, "Lower Error Bound": 4.736220468, "NOAA Adjusted Sea Level": null, "Upper Error Bound": 5.271653538, "Year": "1973-03-15"},{"CSIRO Adjusted Sea Level": 5.472440939, "Lower Error Bound": 5.204724404, "NOAA Adjusted Sea Level": null, "Upper Error Bound": 5.740157474, "Year": "1974-03-15"},{"CSIRO Adjusted Sea Level": 5.409448813, "Lower Error Bound": 5.145669286, "NOAA Adjusted Sea Level": null, "Upper Error Bound": 5.673228341, "Year": "1975-03-15"},{"CSIRO Adjusted Sea Level": 5.370078735, "Lower Error Bound": 5.1023622, "NOAA Adjusted Sea Level": null, "Upper Error Bound": 5.63779527, "Year": "1976-03-15"},{"CSIRO Adjusted Sea Level": 5.303149601, "Lower Error Bound": 5.043307081, "NOAA Adjusted Sea Level": null, "Upper Error Bound": 5.56299212, "Year": "1977-03-15"},{"CSIRO Adjusted Sea Level": 5.555118105, "Lower Error Bound": 5.291338577, "NOAA Adjusted Sea Level": null, "Upper Error Bound": 5.818897632, "Year": "1978-03-15"},{"CSIRO Adjusted Sea Level": 5.362204719, "Lower Error Bound": 5.098425192, "NOAA Adjusted Sea Level": null, "Upper Error Bound": 5.625984246, "Year": "1979-03-15"},{"CSIRO Adjusted Sea Level": 5.598425191, "Lower Error Bound": 5.34251968, "NOAA Adjusted Sea Level": null, "Upper Error Bound": 5.854330703, "Year": "1980-03-15"},{"CSIRO Adjusted Sea Level": 6.086614167, "Lower Error Bound": 5.830708655, "NOAA Adjusted Sea Level": null, "Upper Error Bound": 6.342519679, "Year": "1981-03-15"},{"CSIRO Adjusted Sea Level": 5.858267711, "Lower Error Bound": 5.610236215, "NOAA Adjusted Sea Level": null, "Upper Error Bound": 6.106299206, "Year": "1982-03-15"},{"CSIRO Adjusted Sea Level": 6.188976372, "Lower Error Bound": 5.93307086, "NOAA Adjusted Sea Level": null, "Upper Error Bound": 6.444881883, "Year": "1983-03-15"},{"CSIRO Adjusted Sea Level": 6.153543301, "Lower Error Bound": 5.905511805, "NOAA Adjusted Sea Level": null, "Upper Error Bound": 6.401574797, "Year": "1984-03-15"},{"CSIRO Adjusted Sea Level": 5.74803149, "Lower Error Bound": 5.499999994, "NOAA Adjusted Sea Level": null, "Upper Error Bound": 5.996062986, "Year": "1985-03-15"},{"CSIRO Adjusted Sea Level": 5.771653537, "Lower Error Bound": 5.523622042, "NOAA Adjusted Sea Level": null, "Upper Error Bound": 6.019685033, "Year": "1986-03-15"},{"CSIRO Adjusted Sea Level": 5.795275585, "Lower Error Bound": 5.551181097, "NOAA Adjusted Sea Level": null, "Upper Error Bound": 6.039370073, "Year": "1987-03-15"},{"CSIRO Adjusted Sea Level": 5.980314955, "Lower Error Bound": 5.732283459, "NOAA Adjusted Sea Level": null, "Upper Error Bound": 6.22834645, "Year": "1988-03-15"},{"CSIRO Adjusted Sea Level": 6.157480309, "Lower Error Bound": 5.905511805, "NOAA Adjusted Sea Level": null, "Upper Error Bound": 6.409448812, "Year": "1989-03-15"},{"CSIRO Adjusted Sea Level": 6.232283458, "Lower Error Bound": 5.972440939, "NOAA Adjusted Sea Level": null, "Upper Error Bound": 6.492125978, "Year": "1990-03-15"},{"CSIRO Adjusted Sea Level": 6.334645663, "Lower Error Bound": 6.074803143, "NOAA Adjusted Sea Level": null, "Upper Error Bound": 6.594488182, "Year": "1991-03-15"},{"CSIRO Adjusted Sea Level": 6.35826771, "Lower Error Bound": 6.094488183, "NOAA Adjusted Sea Level": null, "Upper Error Bound": 6.622047237, "Year": "1992-03-15"},{"CSIRO Adjusted Sea Level": 6.291338576, "Lower Error Bound": 6.027559049, "NOAA Adjusted Sea Level": 6.297493046, "Upper Error Bound": 6.555118104, "Year": "1993-03-15"},{"CSIRO Adjusted Sea Level": 6.499999993, "Lower Error Bound": 6.236220466, "NOAA Adjusted Sea Level": 6.310933553, "Upper Error Bound": 6.763779521, "Year": "1994-03-15"},{"CSIRO Adjusted Sea Level": 6.618110229, "Lower Error Bound": 6.354330702, "NOAA Adjusted Sea Level": 6.452568661, "Upper Error Bound": 6.881889757, "Year": "1995-03-15"},{"CSIRO Adjusted Sea Level": 6.787401568, "Lower Error Bound": 6.523622041, "NOAA Adjusted Sea Level": 6.62763131, "Upper Error Bound": 7.051181095, "Year": "1996-03-15"},{"CSIRO Adjusted Sea Level": 7.066929127, "Lower Error Bound": 6.803149599, "NOAA Adjusted Sea Level": 6.733920367, "Upper Error Bound": 7.330708654, "Year": "1997-03-15"},{"CSIRO Adjusted Sea Level": 6.665354324, "Lower Error Bound": 6.393700781, "NOAA Adjusted Sea Level": 6.865806069, "Upper Error Bound": 6.937007867, "Year": "1998-03-15"},{"CSIRO Adjusted Sea Level": 7.011811016, "Lower Error Bound": 6.736220466, "NOAA Adjusted Sea Level": 6.848689771, "Upper Error Bound": 7.287401567, "Year": "1999-03-15"},{"CSIRO Adjusted Sea Level": 7.062992119, "Lower Error Bound": 6.791338576, "NOAA Adjusted Sea Level": 6.920582014, "Upper Error Bound": 7.334645662, "Year": "2000-03-15"},{"CSIRO Adjusted Sea Level": 7.287401567, "Lower Error Bound": 7.019685032, "NOAA Adjusted Sea Level": 7.087460011, "Upper Error Bound": 7.555118103, "Year": "2001-03-15"},{"CSIRO Adjusted Sea Level": 7.381889756, "Lower Error Bound": 7.110236213, "NOAA Adjusted Sea Level": 7.319697525, "Upper Error Bound": 7.653543299, "Year": "2002-03-15"},{"CSIRO Adjusted Sea Level": 7.759842512, "Lower Error Bound": 7.484251961, "NOAA Adjusted Sea Level": 7.488352718, "Upper Error Bound": 8.035433063, "Year": "2003-03-15"},{"CSIRO Adjusted Sea Level": 7.740157472, "Lower Error Bound": 7.464566922, "NOAA Adjusted Sea Level": 7.507932839, "Upper Error Bound": 8.015748023, "Year": "2004-03-15"},{"CSIRO Adjusted Sea Level": 7.74409448, "Lower Error Bound": 7.472440937, "NOAA Adjusted Sea Level": 7.644563144, "Upper Error Bound": 8.015748023, "Year": "2005-03-15"},{"CSIRO Adjusted Sea Level": 7.917322827, "Lower Error Bound": 7.645669284, "NOAA Adjusted Sea Level": 7.697420009, "Upper Error Bound": 8.18897637, "Year": "2006-03-15"},{"CSIRO Adjusted Sea Level": 7.996062984, "Lower Error Bound": 7.712598417, "NOAA Adjusted Sea Level": 7.70214715, "Upper Error Bound": 8.279527551, "Year": "2007-03-15"},{"CSIRO Adjusted Sea Level": 8.350393692, "Lower Error Bound": 8.078740149, "NOAA Adjusted Sea Level": 7.90736541, "Upper Error Bound": 8.622047235, "Year": "2008-03-15"},{"CSIRO Adjusted Sea Level": 8.586614164, "Lower Error Bound": 8.311023614, "NOAA Adjusted Sea Level": 8.04635409, "Upper Error Bound": 8.862204715, "Year": "2009-03-15"},{"CSIRO Adjusted Sea Level": 8.901574794, "Lower Error Bound": 8.618110227, "NOAA Adjusted Sea Level": 8.122972567, "Upper Error Bound": 9.185039361, "Year": "2010-03-15"},{"CSIRO Adjusted Sea Level": 8.96456692, "Lower Error Bound": 8.661417314, "NOAA Adjusted Sea Level": 8.053065004, "Upper Error Bound": 9.267716526, "Year": "2011-03-15"},{"CSIRO Adjusted Sea Level": 9.326771644, "Lower Error Bound": 8.992125975, "NOAA Adjusted Sea Level": 8.457057629, "Upper Error Bound": 9.661417313, "Year": "2012-03-15"},{"CSIRO Adjusted Sea Level": 8.980314951, "Lower Error Bound": 8.622047235, "NOAA Adjusted Sea Level": 8.546648227, "Upper Error Bound": 9.338582668, "Year": "2013-03-15"},{"CSIRO Adjusted Sea Level": null, "Lower Error Bound": null, "NOAA Adjusted Sea Level": 8.663700393, "Upper Error Bound": null, "Year": "2014-03-15"}]